actual,predicted
19.2,28.404767973899737
12.0,20.016307343376514
0.0,3.271806887288943
5.7,15.641100986146814
-0.4,-0.3985338324482699
69.1,25.58043766181128
13.4,28.77176581756413
23.4,22.96304518615608
8.8,17.213308922816758
4.0,21.619106957816953
45.7,22.012668047169775
22.6,19.965478100730298
40.4,28.13362316229712
23.6,23.24030564767388
112.9,32.08370976534809
14.6,35.140370766531625
20.3,24.111671380376528
19.7,18.645341972441088
95.0,56.501557079100266
66.6,32.12122260470222
4.2,12.53644583219642
41.3,34.27540741585818
21.5,24.369390558419468
4.7,14.644582920995447
12.3,28.497698206594194
-0.4,2.353671266334883
0.6,6.939945842947128
16.4,26.8205204806251
20.2,13.361970957753272
9.8,17.654086977315803
72.3,28.321644948470762
10.1,26.335511513738005
9.9,21.128508717390897
4.5,12.496321044633524
9.0,19.41503708097367
-0.2,2.7477870364806307
16.2,16.333950849026593
-0.2,-0.3985338324482699
-0.2,-0.3985338324482699
-1.0,-0.3985338324482699
2.6,14.4626051017085
8.0,15.013082042334743
37.8,19.241587678473902
33.2,23.47946703188901
0.4,5.105876365118036
10.0,52.437655270010225
13.5,21.434126583180216
0.6,6.939945842947128
33.2,21.693469697360168
30.5,27.671652377323127
19.3,24.289412819554407
29.9,26.68039738219784
-0.4,-0.3985338324482699
37.6,30.423382888348392
66.0,33.789586153665574
-0.2,-0.3985338324482699
12.2,15.60003073230812
0.4,5.105876365118036
6.3,13.03130473048681
28.3,21.88221186434809
9.5,29.323744035865268
26.2,31.838163314880113
-1.4,-0.3985338324482699
31.6,20.477883792338385
4.3,10.884354173654277
35.3,39.66945789063387
69.1,37.466889291465485
8.2,12.810513443166354
0.6,4.493785951148662
2.0,7.858081463901188
34.6,27.381426965676845
1.8,14.280627282421552
48.4,23.414105690152518
13.6,32.93838548962542
50.6,19.32779660502664
27.5,19.741511100296485
18.2,27.12117543669688
-0.2,-0.3985338324482699
31.7,21.69716319850138
1.0,21.619106957816953
-0.2,-0.3985338324482699
127.3,33.450130185859365
22.8,51.493319677987536
34.3,32.2570865129239
75.2,26.452671187677765
2.4,12.810513443166354
4.9,9.809326800840218
29.4,29.386616246565836
12.4,33.7241977968293
-0.2,-0.3985338324482699
20.7,21.067897338788068
39.3,29.944912707568598
52.8,31.08392554025088
8.0,19.100735947936542
1.8,14.280627282421552
20.8,28.588286720602284
4.4,9.038227010259403
9.6,31.30317962902683
64.8,22.799917069709686
70.0,25.572002448832222
23.0,14.624660729702992
-0.8,-0.3985338324482699
15.7,18.681885563527448
41.8,21.251074827413746
13.8,14.132186770000072
1.4,8.40852248365782
0.6,6.939945842947128
24.1,24.04012512561942
0.8,10.61028656268434
2.2,9.038227010259403
16.0,22.633989625542817
41.3,30.24037837914443
10.6,41.42883487487762
48.3,32.976889256737664
11.3,29.479630618587876
36.4,24.79695900033981
1.8,6.939945842947128
50.2,22.74468542951159
1.0,21.619106957816953
7.1,25.139469966588173
99.7,29.453680645578913
21.4,38.24975323222987
-0.2,-0.3985338324482699
77.0,28.22170909744363
9.5,16.296674579537594
1.8,7.032035634630115
9.2,22.245515889449834
14.6,21.61676523913058
53.9,26.50908502272751
-0.2,-0.3985338324482699
17.3,24.73596818157813
56.3,23.81835731063083
22.8,22.775836984604858
-0.2,-0.3985338324482699
12.3,18.569345756148152
38.4,19.981704033905896
-0.2,-0.3985338324482699
112.9,33.42250724507068
1.8,6.939945842947128
1.6,10.61028656268434
0.2,4.004994325604774
28.5,26.13072496171346
26.9,26.38698590364075
0.2,4.004994325604774
23.4,17.56638534180542
59.0,27.98968584805744
14.7,17.654086977315803
48.8,35.30425825905901
14.2,17.654086977315803
-0.2,-0.3985338324482699
83.2,30.997175519810476
0.2,4.004994325604774
44.7,29.118217367327006
5.7,10.60932929458348
16.7,17.104414556831426
14.2,25.139469966588173
10.0,19.659468814615224
25.6,38.62838610140011
-0.4,-0.3985338324482699
34.0,18.54757795470683
77.1,29.921467733344294
-0.8,-0.3985338324482699
35.0,17.439840783607544
0.2,4.004994325604774
56.4,24.809051634879744
5.5,13.636559272437427
17.8,15.38074072266256
-0.2,-0.3985338324482699
0.8,10.61028656268434
16.2,18.864980360853163
44.2,27.977931079775857
8.6,18.75650621537357
25.6,50.78556361146808
6.5,37.02838111391359
30.0,22.717719120383066
2.0,21.619106957816953
24.3,21.06636014024356
99.8,38.20408592192724
54.1,22.204320874647387
20.8,22.912816581548398
17.7,27.622063901783974
25.9,29.95015296749815
0.8,10.61028656268434
19.2,18.645341972441088
104.1,31.409691317637048
44.2,28.135084968573153
4.1,22.34921999904377
20.7,18.7867610184123
1.8,14.280627282421552
3.2,11.238671359750004
28.7,32.184074901361505
18.6,28.222129317949367
66.2,25.676935999840325
34.8,22.874998246276277
85.6,27.317443925731688
40.7,27.163986136340526
9.5,13.103655505385783
15.9,25.102926375501816
-0.4,-0.3985338324482699
27.4,19.499896823336492
81.2,35.50317009474748
77.4,24.99782972273728
74.1,26.98306057404276
15.3,13.310313889105375
33.0,20.957465774258225
47.1,26.51755599786545
28.7,17.415134810813456
1.8,14.280627282421552
-2.2,-0.3985338324482699
-0.6,-0.3985338324482699
-0.4,-0.3985338324482699
60.9,26.790793025858065
69.3,25.437191769495186
10.9,15.641100986146814
23.6,25.46950399866048
6.5,98.66547773830014
48.6,23.163739696024017
3.9,16.662831982190514
-0.4,-0.3985338324482699
0.6,4.493785951148662
5.1,22.16724217975682
-0.4,-0.3985338324482699
37.3,37.439482530368494
32.3,21.237492399602537
17.9,36.47640289561245
44.3,23.023530831899706
9.5,19.659468814615224
37.8,38.45193979658144
0.8,10.61028656268434
1.0,21.619106957816953
20.5,21.35786791252853
1.0,21.619106957816953
7.7,16.9703784668501
-0.2,2.7477870364806307
30.1,23.54376494965414
15.9,21.10877860637671
49.5,24.4296894791254
0.8,10.61028656268434
17.4,22.293751788980543
24.0,32.99108220025269
15.4,25.41981745983592
33.2,38.44257821818314
25.8,24.259379214395366
13.4,16.38876437122058
32.5,17.69038299026557
44.6,25.353383470936805
4.1,22.34921999904377
61.2,23.912679769074458
1.0,21.619106957816953
10.5,44.73301819196191
43.1,42.59677629521596
11.3,33.35804039417638
15.6,14.511714943197223
7.1,12.628535623879408
4.6,18.975760304149517
8.3,14.4626051017085
20.2,18.21450219367619
37.0,19.356125526539618
33.8,26.594936506033186
11.1,15.453127418431146
6.9,11.62591129071484
6.9,18.7867610184123
77.0,26.580931755214607
1.6,10.61028656268434
60.6,24.668446173530953
15.0,26.01956071878098
5.7,9.932754713943442
21.8,22.840479076133235
27.1,33.46977568141381
7.3,13.812133896510439
19.6,12.886201247854935
13.9,21.278869121254672
7.0,10.97644396533726
19.7,32.844107044636495
9.7,20.39431918433477
3.6,15.893905472930191
0.6,6.939945842947128
11.1,21.838361046592897
6.5,98.66547773830014
30.5,26.650069765524435
4.8,20.297433630983235
-0.2,-0.3985338324482699
6.3,13.03130473048681
0.8,4.174293431113961
0.2,4.004994325604774
0.6,6.939945842947128
14.0,21.434126583180216
29.0,28.344695427972212
-0.8,-0.3985338324482699
7.6,21.933081887341196
6.1,32.6225830789134
32.0,21.46124450966156
0.8,10.61028656268434
0.8,10.61028656268434
6.0,12.444356040513433
29.1,30.284902172440674
2.0,7.858081463901188
8.8,45.099175594614834
84.8,32.098344450148474
40.3,27.79853301669916
27.2,21.08920786824786
55.5,46.64261221401242
42.8,37.374583320090814
29.4,26.94622475652222
1.8,18.31492364073266
52.0,29.68990143851819
-0.2,-0.3985338324482699
17.0,25.28644512220437
5.7,19.414268481701413
9.5,16.296674579537594
-0.2,-0.3985338324482699
13.3,25.581052541229084
28.9,18.755701695231707
12.6,19.04803923730927
52.5,22.89830584452703
5.5,44.73301819196191
20.3,34.826617034887065
45.5,24.660486520205232
0.2,3.6042732632219474
12.6,40.54874412268481
2.8,8.958194904142196
2.4,10.61028656268434
27.5,18.517641599648464
15.8,15.22217778810304
5.1,22.16724217975682
120.0,30.789923777452707
11.1,25.745493107811043
21.6,21.617709079036906
28.4,34.51198596946597
-0.6,-0.3985338324482699
18.1,25.077200992191074
4.8,10.61028656268434
7.7,16.9703784668501
2.4,11.490377314877147
43.2,25.336565151018483
43.1,28.052213071810023
17.3,36.202335284642515
78.0,24.447609900860336
26.2,26.998609326674035
18.1,37.302448724883526
19.1,43.945230019325244
9.7,18.975760304149517
8.4,10.009586035638417
2.8,16.114696760250645
-0.4,2.353671266334883
-0.6,-0.3985338324482699
9.8,14.866106886718544
79.1,26.47646227945623
35.8,27.934002430197985
1.8,18.31492364073266
-0.2,-0.3985338324482699
1.8,14.280627282421552
7.9,19.140969470003732
18.1,25.469083778154733
55.9,27.530454529231605
16.2,17.458167997653685
46.6,52.593541852732834
56.2,21.258367653992586
43.1,23.406451056612624
8.7,20.241082910244742
34.0,29.983043500737622
23.0,18.865400581358905
2.0,21.619106957816953
1.0,21.619106957816953
40.6,21.556886538930385
35.6,23.18919064480911
1.0,21.619106957816953
7.5,42.1642921901406
25.0,24.7460336381991
12.7,22.017710891211628
1.0,21.619106957816953
35.2,19.214712470651868
29.9,31.33013687367481
9.9,22.993288009027893
42.9,27.435733688483303
-0.2,-0.3985338324482699
24.8,21.093111241575855
10.5,31.89247003768658
7.9,19.140969470003732
41.3,32.424873491197445
46.4,42.98221883448989
7.7,20.045071539959235
1.6,10.61028656268434
6.0,9.57439596536143
50.6,23.93266878391814
29.6,31.890200160739425
0.4,5.105876365118036
87.5,31.64055778053303
17.0,16.773996225122996
39.1,31.52444955039772
49.7,29.664687218308956
7.6,9.771708460089604
43.9,30.33936876389577
-0.2,-0.3985338324482699
0.8,10.61028656268434
15.2,18.681885563527448
60.5,22.049064225906584
18.4,26.02030277908561
5.3,12.077397846589747
47.9,22.97299883387567
16.4,19.2780032754887
72.1,26.77015951823187
2.2,9.038227010259403
9.3,32.62485295586055
15.5,31.89247003768658
73.2,24.700284291070517
16.6,15.839127871605815
35.2,28.32510172103612
6.1,32.6225830789134
54.6,25.512119384918044
8.7,18.682348825592435
9.9,21.128508717390897
84.0,29.08491954601304
35.6,20.034901871258683
1.8,14.280627282421552
23.0,18.359389337905654
9.0,19.41503708097367
-0.4,-0.3985338324482699
16.3,14.73817399035333
24.2,31.43852622535281
12.5,21.4170103641657
4.0,26.755018034043964
14.4,25.800306630005032
14.4,18.094865031814848
17.6,31.08392554025088
30.9,20.85909852022051
16.0,22.633989625542817
0.6,6.939945842947128
8.3,25.653403316128056
63.3,29.38254879958594
22.9,22.96304518615608
7.3,39.96172359097221
16.5,15.81419828100896
0.2,4.004994325604774
33.1,25.469924219166217
6.3,27.671652377323127
14.7,20.831318785180287
32.9,19.708143222323486
33.2,33.661301804136755
35.5,24.2911712159786
32.3,30.545116154181557
1.8,14.280627282421552
5.1,22.16724217975682
49.8,27.724904423217332
23.9,18.992455489473556
19.0,23.526191776079536
116.0,26.677205979677588
14.9,16.403199378920903
11.9,22.718451798785708
33.6,23.901182278252897
0.4,5.105876365118036
48.5,24.919213783071932
6.0,14.523557738388213
48.2,28.369032631826343
65.9,25.519760272841957
15.3,25.35872405536412
22.9,14.800594740813974
-0.2,-0.3985338324482699
9.5,13.103655505385783
8.1,24.552449434875577
16.7,30.6676822642044
0.8,10.61028656268434
12.4,29.793605548112126
-0.2,-0.3985338324482699
-0.2,-0.3985338324482699
-0.8,-0.3985338324482699
15.6,30.424090971574316
4.6,16.84781235682725
32.6,22.76168773712309
1.6,10.61028656268434
3.8,17.215578799763907
4.3,33.7241977968293
26.4,17.35594025313649
-0.4,-0.3985338324482699
14.8,32.350016745618355
-0.2,-0.3985338324482699
99.4,30.07521015234783
10.6,18.534177729508606
49.1,19.508842227521605
3.7,13.250558819262757
2.8,16.114696760250645
17.1,20.589038494658155
55.9,27.530454529231605
5.1,22.16724217975682
-0.2,-0.3985338324482699
22.0,20.574247987501685
-0.4,-0.3985338324482699
23.8,20.56528752875257
9.9,13.985211614383871
55.9,23.10155874853632
0.4,5.105876365118036
47.4,23.023997822835796
61.8,22.221562013336374
0.6,6.939945842947128
17.0,16.773996225122996
25.0,20.148993118561755
10.8,55.37099774706885
20.0,25.86367413605837
4.2,11.834467390623086
35.5,23.11157777177951
64.6,34.61939085960147
4.2,12.53644583219642
-0.2,-0.3985338324482699
24.3,16.379952138005752
11.4,16.367344948545774
22.6,20.217446668926904
1.0,21.619106957816953
15.0,15.233068809513332
22.8,24.91944727853997
46.2,19.816526742628746
7.5,16.23552809713055
5.5,13.636559272437427
37.1,32.160734456638224
10.9,22.840479076133235
0.4,5.105876365118036
52.9,29.542193604499353
29.8,20.471607143168384
-0.2,-0.3985338324482699
29.3,16.837142533296642
14.6,46.712453785123465
38.2,39.2286079943956
0.6,4.493785951148662
6.7,11.117727896547276
16.6,39.542800392928434
20.6,23.670893325877486
10.0,13.103655505385783
0.0,3.271806887288943
-0.4,2.353671266334883
2.0,21.619106957816953
9.5,18.31492364073266
32.3,21.237492399602537
1.6,12.077397846589747
52.9,28.422997937845203
8.3,29.542998124641215
58.3,25.391027537470308
-0.6,-0.3985338324482699
0.8,10.61028656268434
11.6,12.579013813180758
68.9,23.071670453225195
16.0,22.633989625542817
1.0,21.619106957816953
9.7,24.44750116635604
23.0,15.149555494364776
54.8,33.96187488209331
12.7,20.700130895851412
52.3,24.49632038814893
-0.2,-0.3985338324482699
16.5,27.560488134390646
63.8,21.342954746909946
-0.4,-0.3985338324482699
-2.0,-0.3985338324482699
14.0,26.50889117700018
47.4,24.355504895902627
62.0,23.72434633818866
28.4,21.36394278209683
39.4,23.338564484628748
2.0,8.093891418236712
7.1,13.211433369464512
1.6,10.61028656268434
23.9,15.720254786592019
-0.2,-0.3985338324482699
11.5,30.423966210610565
16.6,24.417057535777985
-0.2,-0.3985338324482699
17.5,15.655648774643973
6.9,23.817796639754455
1.6,10.61028656268434
-0.2,-0.3985338324482699
41.5,22.84835587944827
44.4,21.397547071224242
44.6,26.324162407161445
-0.4,-0.3985338324482699
5.0,21.619106957816953
50.1,23.579790098238625
26.9,21.342697628160643
0.2,4.004994325604774
10.7,19.216304849633254
47.0,27.12117543669688
13.3,17.214810200491655
-0.2,-0.3985338324482699
5.5,13.636559272437427
15.2,24.819116932789996
6.6,11.710508737429642
4.9,9.809326800840218
23.2,21.732375893069637
18.5,28.42206639552723
2.0,21.619106957816953
12.2,18.630874435689684
4.6,9.76260739225913
3.9,16.662831982190514
51.7,29.909960047436
0.2,4.004994325604774
9.3,15.012885280921045
13.1,21.8010847771039
11.8,38.788562618299196
-0.4,-0.3985338324482699
0.8,10.61028656268434
23.3,19.12862862248432
14.9,25.41981745983592
46.1,21.133654960327597
6.3,27.671652377323127
66.8,23.42964910717435
46.2,40.50356871591642
19.4,24.407087048414205
-0.6,-0.3985338324482699
2.6,7.607080358892164
0.4,5.105876365118036
-1.6,-0.3985338324482699
6.5,14.523557738388213
7.4,17.704567999906224
15.6,30.424090971574316
45.7,22.428236899647587
1.0,21.619106957816953
-0.8,-0.3985338324482699
23.4,23.94714246946372
46.6,24.72494722230536
7.6,9.771708460089604
34.5,17.330595777643342
11.7,15.012661821829004
42.9,26.703836207627965
1.2,6.939945842947128
-0.2,-0.3985338324482699
28.3,24.148214971462885
-0.2,-0.3985338324482699
33.6,57.817157638867315
40.3,18.801097645405772
10.2,22.16724217975682
3.6,15.893905472930191
6.3,49.13347195292594
-0.2,-0.3985338324482699
72.0,31.13873906244487
22.5,19.316726296689726
22.1,28.72834202358287
19.9,17.038945769907542
25.8,21.116329682311033
5.0,11.612089218641406
1.4,8.40852248365782
88.0,31.693939923000435
11.8,20.73594180853513
15.6,15.342695853901306
4.8,23.819333838298967
5.9,20.73594180853513
18.2,21.77301767510678
14.9,30.697925087076214
77.8,33.58316935799912
13.1,24.920215877812225
4.6,16.84781235682725
10.8,20.63724964030143
19.9,16.11319548257575
-0.4,-0.3985338324482699
18.8,20.273294001727535
36.5,36.889425810247985
27.7,24.977569030343595
13.5,16.185510336605113
-0.2,-0.3985338324482699
0.4,5.105876365118036
35.0,25.28644512220437
4.5,12.496321044633524
12.8,18.569345756148152
27.1,24.699424590491773
13.9,24.01911443904673
36.3,32.508334541595495
14.0,21.434126583180216
6.3,13.03130473048681
70.3,22.69944012479489
3.0,21.619106957816953
35.1,30.092670545125593
62.5,23.684366364710385
27.0,22.118132338268097
18.1,41.74478566983465
21.7,23.574668609189366
17.8,13.80724800543085
4.9,9.809326800840218
61.9,36.87669596232589
1.0,21.619106957816953
30.4,15.948718995124176
2.2,9.038227010259403
0.6,6.939945842947128
29.5,27.364105892663545
21.0,16.638826813221996
-0.2,-0.3985338324482699
72.9,24.607895152263723
7.6,17.215578799763907
-0.2,-0.3985338324482699
60.5,28.995219869816246
24.0,29.165881587709876
0.4,5.105876365118036
0.4,5.105876365118036
-0.2,-0.3985338324482699
39.3,23.74777076352879
29.4,22.573100261885074
50.7,26.14938599572541
47.5,23.105201928717932
17.2,17.104414556831426
33.9,32.50282567851301
2.0,5.891906141330503
-0.6,-0.3985338324482699
2.6,12.812050641710863
15.8,20.988746295318506
14.9,38.86010887305631
17.8,21.067128739515816
36.7,31.464873450060274
4.0,26.755018034043964
-0.2,-0.3985338324482699
24.3,40.99032669732572
30.3,18.866381155319576
20.8,21.15478134338349
8.1,24.552449434875577
37.9,21.817477382196316
8.1,13.912128161082258
-0.4,-0.3985338324482699
9.4,11.434410893774778
18.4,19.857388254886832
2.0,21.619106957816953
28.4,25.139469966588173
4.1,22.34921999904377
10.5,13.200198174290971
19.9,33.504943708053354
5.9,20.73594180853513
18.6,17.445262591676077
32.2,26.858138821375718
22.0,26.60804660729886
34.7,36.339369090127484
15.8,34.27617601513044
30.8,21.208971893574585
7.9,23.45083471695967
3.0,9.386105734745595
0.2,4.004994325604774
13.8,19.75431893875198
7.3,13.812133896510439
13.5,18.388739772436914
12.0,21.39677847195199
77.6,28.314219109632354
6.9,23.817796639754455
8.2,22.34921999904377
6.7,16.38876437122058
15.3,12.12853339833869
9.6,11.516328101070844
-0.4,-0.3985338324482699
2.8,8.651916201689463
15.8,23.45083471695967
7.6,21.933081887341196
13.7,18.22910791958587
-0.8,-0.3985338324482699
19.3,19.292704466418865
36.7,27.3418489250325
-0.8,-0.3985338324482699
26.8,22.57465687870758
28.2,24.809051634879744
0.4,5.105876365118036
39.7,21.17774558105573
22.1,45.00708580293184
-0.8,-0.3985338324482699
18.2,25.512119384918044
12.5,14.085402640369391
18.0,12.010963857690635
31.9,23.913707113465478
1.0,21.619106957816953
15.8,20.003558890361163
6.2,13.613492766476517
43.8,20.88316307462917
76.6,31.471422589965016
37.1,29.68990143851819
15.5,18.241107509028403
12.0,23.0834095320999
27.5,19.741511100296485
32.4,19.41555778468789
7.9,19.140969470003732
74.2,29.542998124641215
27.6,26.75375025183711
8.5,17.94749845587289
3.0,9.386105734745595
11.8,11.210029821629403
23.2,19.703556519656985
19.2,18.645341972441088
-0.6,-0.3985338324482699
7.5,60.14229234805855
1.4,8.40852248365782
24.9,22.03678599693513
13.2,15.975741456585045
21.7,29.06857986014515
10.5,37.02838111391359
10.2,16.428889158783477
-0.2,-0.3985338324482699
7.5,16.23552809713055
35.9,30.94813444566389
7.5,16.23552809713055
6.3,13.03130473048681
40.7,24.772508043793387
34.0,23.74106012860595
2.8,16.114696760250645
1.0,21.619106957816953
14.8,23.61705504203473
40.8,24.957291180884262
14.1,18.534982249650476
4.3,33.7241977968293
87.2,27.357351244286
3.6,15.893905472930191
14.0,24.478633303171314
18.8,17.98450530902423
23.2,21.732375893069637
28.2,26.87631636185995
0.6,6.939945842947128
25.9,23.598542550978507
1.2,6.939945842947128
1.4,8.40852248365782
13.4,28.77176581756413
12.4,11.79525974528817
12.8,14.623096020295405
39.9,21.811804445461945
11.8,13.300037747112885
61.5,20.57720492265843
6.3,34.8258125147452
2.6,12.812050641710863
21.8,17.213308922816758
-0.2,-0.3985338324482699
2.8,16.114696760250645
35.6,25.376993986471753
13.4,13.12609838486979
13.6,32.93838548962542
-0.6,-0.3985338324482699
68.7,26.20712069091725
6.1,32.6225830789134
-0.4,-0.3985338324482699
2.0,21.619106957816953
7.3,13.812133896510439
-0.2,-0.3985338324482699
32.9,22.463100243553875
6.5,14.523557738388213
-0.2,3.078051648334609
57.8,22.292158914235863
9.7,20.39431918433477
23.2,25.87185288476214
22.6,24.506424363904436
49.7,21.27521445666944
38.9,35.17439220176769
36.8,26.295129607425807
9.5,17.214901301798143
1.6,12.077397846589747
-0.4,-0.3985338324482699
31.9,26.11672150021178
16.4,28.882161461224364
14.7,17.654086977315803
26.7,24.977569030343595
7.0,14.413495260219777
10.1,23.819333838298967
62.3,32.83026539557435
15.8,38.28603079879711
0.6,6.939945842947128
32.2,34.41320982061541
20.7,18.7867610184123
0.2,4.004994325604774
24.1,37.22768308061093
0.8,10.61028656268434
24.3,22.716645183903545
11.3,16.584775741506085
-0.6,-0.3985338324482699
1.0,21.619106957816953
10.4,19.817005376679177
-0.4,-0.3985338324482699
1.2,6.939945842947128
24.6,31.099829316206147
4.0,37.02838111391359
6.6,18.040856029762725
2.6,12.812050641710863
22.4,19.32071704245312
5.9,18.31492364073266
56.4,22.03020837427185
56.5,29.59729094312098
51.1,18.823107034900225
0.8,5.105876365118036
1.4,8.958194904142196
27.8,20.560538537514375
26.5,30.716159097314232
16.7,15.683276892331376
29.9,21.373018282855135
3.4,13.179012564505651
12.3,26.020828500987832
-0.2,-0.3985338324482699
26.1,25.896994608758135
10.3,24.64537966757004
10.8,35.70670778707987
11.6,16.875528342713338
4.5,67.84692942610687
9.7,9.200296720922442
-0.2,-0.3985338324482699
8.2,22.34921999904377
11.7,20.61700787042244
33.1,22.148786158454385
8.1,13.319067867486234
6.1,22.05761513536885
30.5,20.9095924948733
14.1,13.812133896510439
60.9,26.790793025858065
7.9,23.45083471695967
120.1,35.05776618360452
16.9,21.145293714704536
-0.2,-0.3985338324482699
20.6,16.597978074684434
14.7,10.953501407155368
35.6,34.58222122211512
1.0,21.619106957816953
39.4,28.404767973899737
15.3,19.140969470003732
19.4,15.351720220515276
12.4,29.793605548112126
9.5,40.88069965293775
3.0,9.784240733413268
24.8,21.093111241575855
1.6,12.077397846589747
17.5,18.42608788366514
6.4,11.238671359750004
7.9,20.988746295318506
-1.0,-0.3985338324482699
11.0,19.855851056342324
0.4,5.105876365118036
-1.0,-0.3985338324482699
-0.8,-0.3985338324482699
4.9,7.501953934052193
0.8,5.105876365118036
5.3,12.077397846589747
38.7,24.350028561871227
4.3,33.7241977968293
63.1,31.5235189799752
89.0,35.03527411376709
24.6,24.1850242500158
35.4,28.639659972822542
-0.4,-0.3985338324482699
0.4,5.105876365118036
3.9,16.662831982190514
15.7,18.681885563527448
46.5,19.135464494503076
44.7,22.937484689681966
64.5,25.580248021087222
59.9,33.725002316971164
21.6,55.37099774706885
6.5,14.523557738388213
-0.2,-0.3985338324482699
4.4,15.74619763891135
27.3,16.54776678585311
39.4,23.338564484628748
2.4,10.61028656268434
60.3,28.11013853833211
1.8,18.31492364073266
2.4,7.086849156824102
1.0,5.891906141330503
74.8,34.362323453741396
-0.4,-0.3985338324482699
31.2,15.473708661306826
18.8,26.01956071878098
1.0,21.619106957816953
50.1,23.997381427868845
17.1,39.542800392928434
12.9,14.780602810283927
-0.2,2.7477870364806307
54.0,22.86884278790965
55.1,23.280596293968863
50.6,24.98082725641506
3.4,13.179012564505651
10.4,33.06336113341244
45.0,25.949897462701095
0.4,5.105876365118036
31.7,27.69810946714106
4.0,10.61028656268434
32.9,23.81783256062407
8.4,14.01143586320777
1.0,21.619106957816953
2.0,21.619106957816953
38.5,24.761911033897462
0.2,4.004994325604774
22.6,17.830720007172165
0.8,10.61028656268434
11.2,15.168602771803759
12.2,22.05761513536885
11.8,33.35804039417638
11.7,15.60003073230812
-0.8,-0.3985338324482699
1.4,8.40852248365782
43.9,22.21236159290359
94.4,26.41685979886188
-0.4,-0.3985338324482699
3.6,15.893905472930191
0.8,10.61028656268434
2.4,10.61028656268434
16.6,32.13606133031666
28.7,24.809051634879744
20.4,20.458920336805537
4.8,17.948766238079738
0.8,10.61028656268434
30.5,35.76875556359729
38.2,30.92374902335179
24.7,18.06050152531717
15.8,20.988746295318506
0.0,3.271806887288943
1.0,21.619106957816953
26.3,35.335224537142196
31.2,17.45275848717351
45.1,25.523657814797225
0.8,10.61028656268434
-0.2,-0.3985338324482699
30.6,18.380949052240375
34.7,28.661370173903904
7.4,17.704567999906224
5.1,11.343208313533617
27.6,21.52149828630661
3.0,9.386105734745595
52.4,42.971299489031786
39.5,29.230813803170804
2.8,16.114696760250645
12.1,13.03130473048681
9.9,25.391175921715316
5.4,15.288650930979573
50.2,24.613402071555292
15.7,15.413096152097818
-0.4,-0.3985338324482699
-0.2,-0.3985338324482699
-0.2,-0.3985338324482699
23.8,21.933081887341196
15.6,33.450130185859365
23.0,15.74619763891135
6.1,32.6225830789134
23.9,27.12159565720262
3.9,16.662831982190514
11.7,15.012661821829004
-1.0,-0.3985338324482699
64.3,26.805956348247037
5.5,44.73301819196191
2.0,7.858081463901188
8.1,21.933081887341196
4.4,13.362491661467494
1.4,8.958194904142196
6.5,37.02838111391359
4.8,11.010727854932068
6.7,16.38876437122058
25.0,20.08639599686086
4.0,26.755018034043964
5.1,10.829540651460288
11.6,21.818408924514287
0.6,4.004994325604774
-0.2,-0.3985338324482699
6.3,27.671652377323127
26.1,20.975038947832825
68.3,22.158574601915895
19.4,34.8258125147452
52.7,25.731022337951835
-0.2,-0.3985338324482699
8.6,33.7241977968293
22.6,20.217446668926904
8.7,20.241082910244742
51.4,20.058024033788634
41.0,24.57761738041775
-0.2,-0.3985338324482699
46.6,19.715626661521846
8.7,18.682348825592435
6.1,32.6225830789134
73.6,29.45019507283358
7.1,21.985264360469873
52.4,23.242765661108386
-0.2,-0.3985338324482699
52.5,22.156307303602546
42.3,29.50488141414074
16.7,18.864980360853163
64.5,35.9624515758222
-0.2,-0.3985338324482699
25.1,31.68161589549409
5.9,24.367469060238832
35.0,30.75350720854245
17.6,22.717353267129468
27.3,39.04663017510865
-0.2,-0.3985338324482699
8.7,20.241082910244742
50.1,21.87950687104192
5.4,15.288650930979573
118.2,28.15967540359476
24.4,26.798269344366794
1.2,7.086849156824102
11.9,26.845606548052054
1.2,5.105876365118036
-1.0,-0.3985338324482699
-0.4,-0.3985338324482699
7.5,60.14229234805855
12.7,20.700130895851412
10.6,18.534177729508606
22.7,17.76444670010642
40.4,30.423857476106278
31.0,36.8705186657582
11.0,21.371439173357558
0.0,3.271806887288943
10.6,18.23279380427416
5.9,10.792264381971288
25.6,15.074695515677872
2.6,12.812050641710863
11.5,40.110235945132914
3.8,9.949449899267483
7.7,16.9703784668501
4.0,26.755018034043964
6.1,22.05761513536885
7.9,19.140969470003732
25.3,19.874085066580342
8.7,17.434832888539855
36.5,53.838358290799405
50.9,27.602505143822036
13.4,13.12609838486979
2.6,12.812050641710863
11.8,15.661212163689319
3.2,11.238671359750004
4.6,16.84781235682725
-0.4,-0.3985338324482699
58.2,24.84217760737817
23.3,23.69723471921221
92.6,42.59159607520056
84.6,35.43110297756543
21.9,20.516687719759183
13.7,25.139469966588173
0.6,6.939945842947128
22.0,20.574247987501685
5.1,22.16724217975682
4.1,22.34921999904377
33.7,35.37628945537145
56.4,18.998228750705692
15.1,20.43044789052483
-0.6,-0.3985338324482699
0.2,4.004994325604774
1.0,21.619106957816953
39.1,33.7833310252752
1.2,6.939945842947128
16.0,24.001311657585916
20.3,28.588286720602284
16.4,23.65035641387795
-0.8,-0.3985338324482699
8.8,45.099175594614834
49.3,37.3281045276674
26.2,18.945066834222523
7.8,20.79306112854588
43.0,21.052998097127304
6.9,18.7867610184123
30.8,26.7139523222611
6.3,27.671652377323127
22.3,17.213308922816758
57.8,23.340996669778733
-0.2,-0.3985338324482699
25.9,21.33008639240812
18.4,29.623467449619078
13.3,17.214810200491655
5.7,15.641100986146814
16.7,26.219819953579176
70.8,26.020790477616586
30.3,22.463842303858506
31.1,24.186331681963367
34.8,19.982802565562128
16.2,26.219819953579176
19.6,18.255790412286757
8.3,25.653403316128056
8.9,19.416538358648562
16.9,23.63435346366223
14.2,25.139469966588173
10.6,29.68990143851819
19.9,40.328721434636606
-0.6,-0.3985338324482699
16.0,24.001311657585916
43.9,29.982736061028717
35.0,22.032270005401685
1.6,10.61028656268434
2.0,21.619106957816953
6.3,13.789368205332083
16.6,15.212836917299619
23.3,18.095054672538907
32.3,20.736746328676993
29.2,30.03549959520722
1.4,8.40852248365782
-0.4,-0.3985338324482699
1.8,14.280627282421552
12.7,28.84993079275285
24.1,23.24030564767388
2.8,19.416538358648562
55.4,38.08449001654496
30.5,18.421318343542772
17.1,39.542800392928434
21.8,21.96530916399417
0.6,6.939945842947128
0.6,6.939945842947128
4.2,12.53644583219642
74.6,26.06409922958865
28.4,21.904337763510483
15.7,31.798038527317217
34.9,25.051768331077795
60.1,26.44950939852223
8.7,20.241082910244742
-0.2,-0.3985338324482699
5.0,12.151213978294006
6.3,34.8258125147452
27.4,30.97391419622678
0.6,6.939945842947128
5.1,22.16724217975682
7.1,29.87187925780514
1.0,5.891906141330503
86.9,27.581498820963333
9.9,22.993288009027893
-0.2,-0.3985338324482699
97.8,27.242908702530045
10.8,55.37099774706885
9.3,17.654086977315803
30.0,19.073223030969054
29.7,30.9415649155857
63.9,26.430755973886896
15.0,21.447475515523376
0.2,4.004994325604774
39.5,33.83536203976178
5.2,13.546437749365424
83.9,36.06748253564169
0.8,4.948231385971231
67.5,29.027915426722203
15.0,24.218416405744073
22.5,19.93916566628627
42.1,30.605835295393227
31.4,26.43921562333194
23.7,20.31632718856777
42.8,18.75061678152607
0.2,4.004994325604774
65.0,32.96729920105932
29.2,18.797754625532704
53.3,21.216751129367502
7.7,18.31492364073266
5.8,12.411430875721251
0.6,6.939945842947128
7.7,22.34921999904377
2.6,12.812050641710863
8.8,14.384331392015488
12.4,24.552449434875577
9.3,15.74619763891135
19.1,25.17188154835577
9.5,40.88069965293775
5.6,19.416538358648562
37.2,19.35199950730431
2.2,9.038227010259403
12.6,40.54874412268481
14.5,17.863455689951007
59.6,20.911539083993937
13.8,38.49549239781899
3.6,7.032035634630115
-0.4,-0.3985338324482699
41.1,18.171969974850743
10.0,52.437655270010225
7.1,9.921274538898235
11.5,40.110235945132914
1.4,8.40852248365782
63.7,22.125806231375257
9.3,17.654086977315803
5.1,22.16724217975682
46.1,24.72494722230536
4.1,22.34921999904377
33.4,35.78931237000698
29.1,24.58826034755929
16.9,18.025795947557878
12.3,14.719135459973447
1.8,18.31492364073266
4.6,15.328666984038177
-0.6,-0.3985338324482699
33.9,35.78931237000698
27.0,20.824873202881115
43.9,21.79150912151554
17.4,26.388059840120277
4.1,22.34921999904377
27.9,30.97391419622678
56.5,25.26959346005024
77.2,27.781586861420003
-0.2,-0.3985338324482699
7.1,25.139469966588173
63.2,22.46347127370619
0.6,6.939945842947128
66.9,24.171062699467186
65.6,26.069149194320133
47.5,28.373458652659473
-0.2,-0.3985338324482699
1.0,21.619106957816953
13.8,18.7867610184123
93.0,33.28010455074171
14.8,15.868763748934194
3.8,7.371491602436326
0.6,6.939945842947128
7.1,29.87187925780514
18.3,17.793523513296762
65.6,22.98780261051595
1.4,8.40852248365782
41.5,28.221324797807505
25.1,18.866793124529504
27.4,28.610399985123756
-0.4,-0.3985338324482699
8.7,17.434832888539855
5.7,15.641100986146814
58.7,30.765671526110893
67.3,34.89317804596228
11.9,19.967015299274806
13.2,23.598542550978507
33.8,22.92248317973253
13.6,18.31492364073266
18.6,19.905868816867763
38.3,25.20459668225044
19.1,35.56000204780133
12.0,21.39677847195199
1.2,7.086849156824102
8.6,10.884354173654277
-0.6,2.047626059350196
16.7,18.120637661688104
17.7,21.77301767510678
3.9,16.662831982190514
5.9,18.31492364073266
17.7,22.938510407703518
2.8,19.416538358648562
18.0,19.879784859703783
-0.2,-0.3985338324482699
8.1,33.7241977968293
37.8,26.10787723370916
21.1,23.543344729148394
2.8,16.114696760250645
30.5,16.85828218583635
5.2,13.546437749365424
1.2,6.939945842947128
-0.4,2.353671266334883
-0.4,-0.3985338324482699
-0.4,-0.3985338324482699
56.3,22.64871249596333
-0.4,-0.3985338324482699
-0.2,-0.3985338324482699
41.8,25.488911139269597
18.7,16.57224346818242
4.4,14.384331392015488
1.6,12.077397846589747
23.3,24.72494722230536
8.3,45.099175594614834
9.2,18.975760304149517
16.9,28.882161461224364
-0.4,-0.3985338324482699
25.3,19.32779660502664
8.6,21.893174568786886
11.7,26.01956071878098
1.0,21.619106957816953
30.7,29.148474590288806
24.5,22.16724217975682
24.4,22.05761513536885
24.8,23.488915506590537
-0.2,-0.3985338324482699
4.5,67.84692942610687
20.5,25.86367413605837
9.9,22.993288009027893
17.9,19.415274940155697
2.2,9.508671844768438
9.5,40.88069965293775
1.2,6.939945842947128
5.9,24.367469060238832
3.5,10.97644396533726
50.7,23.55090615888016
23.0,28.064118485548967
19.0,27.853630196610077
1.0,4.236179553902559
7.0,13.729489505131893
38.2,35.56000204780133
5.7,17.213308922816758
17.2,24.32714620231421
46.3,33.9636514074786
20.2,24.992566652711204
24.1,17.540521610625674
9.4,14.644582920995447
16.2,23.142173019710384
51.6,21.867040131952585
3.6,8.776217084855247
12.7,19.58571254448328
-0.2,-0.3985338324482699
1.0,21.619106957816953
56.8,21.617185459636318
3.6,14.280627282421552
0.8,10.61028656268434
-0.2,-0.3985338324482699
-0.2,-0.3985338324482699
-0.4,-0.3985338324482699
0.6,6.939945842947128
1.6,10.61028656268434
48.1,27.708195968409484
57.6,22.167662400262557
29.9,17.732969576343162
4.0,21.619106957816953
69.0,30.36827535464004
11.4,24.91944727853997
67.5,26.164071001485397
0.8,10.61028656268434
1.0,5.891906141330503
6.7,8.64016143340788
11.4,27.59162027120591
89.2,27.463444814892114
50.5,32.3805708957809
1.8,18.31492364073266
6.3,34.8258125147452
-0.6,-0.3985338324482699
0.8,10.61028656268434
20.1,24.919338544035682
1.0,21.619106957816953
8.9,19.416538358648562
27.4,23.503748896595532
5.6,16.114696760250645
27.4,37.94501545719275
10.8,18.01424295887799
18.5,23.661688859152157
20.1,21.617518466417387
60.7,26.127021106774805
7.3,10.609482042542474
57.5,23.14847604913728
23.7,29.637718965389517
0.6,6.939945842947128
25.7,31.838163314880113
1.0,21.619106957816953
35.2,43.29288083363795
41.9,23.218180402985496
3.6,8.776217084855247
2.0,5.868110844548775
-0.2,-0.3985338324482699
41.2,28.485659463174244
47.1,27.708195968409484
52.8,34.31819691214365
6.3,34.8258125147452
1.8,14.280627282421552
-0.6,-0.3985338324482699
8.8,10.81974816170623
50.1,21.17652228843574
13.2,15.975741456585045
53.2,20.92967471352511
12.8,65.64436082693848
32.1,43.63140347404601
3.6,15.893905472930191
0.6,6.939945842947128
27.3,29.734845452320172
60.9,29.077811024548815
30.2,25.391175921715316
5.9,24.367469060238832
6.5,37.02838111391359
-0.4,-0.3985338324482699
15.9,13.04819052843037
60.4,21.700165119008282
65.9,26.21574538590965
9.0,9.728658611947026
32.6,20.516687719759183
1.0,21.619106957816953
22.8,19.016045614835058
3.9,16.662831982190514
3.6,15.893905472930191
1.6,10.61028656268434
74.7,25.76654150033354
61.9,27.040237831466037
1.0,21.619106957816953
8.1,13.912128161082258
71.6,26.196808628055145
6.3,27.671652377323127
50.6,23.479953599813804
8.5,16.773996225122996
15.5,15.536736039889464
-0.2,-0.3985338324482699
11.8,46.93324507244392
9.2,22.245515889449834
2.0,8.093891418236712
1.6,12.077397846589747
23.1,42.40788348277068
78.2,31.71168720660293
-2.6,-0.3985338324482699
19.2,30.423469943362342
21.1,21.6178391756101
24.0,21.39677847195199
6.1,22.05761513536885
4.0,10.61028656268434
7.1,12.628535623879408
6.5,15.562718541949508
10.4,19.817005376679177
30.9,29.496074675246078
10.5,44.73301819196191
0.8,10.61028656268434
12.5,15.012328815047933
8.8,20.884917424760822
3.7,13.250558819262757
5.8,20.51749223990105
2.0,7.858081463901188
-0.6,-0.3985338324482699
18.3,38.12849455415459
19.9,20.39431918433477
-0.4,-0.3985338324482699
17.5,19.78330270684492
-0.4,-0.3985338324482699
4.8,20.297433630983235
34.3,28.222764428829898
30.8,21.208971893574585
40.7,24.671729966674583
50.5,20.118576185662043
0.8,10.61028656268434
15.6,13.086082331811184
3.0,9.386105734745595
3.4,6.573181494750772
3.2,12.077397846589747
8.3,35.37628945537145
61.9,24.79738408032283
30.2,21.616647440145737
3.2,11.238671359750004
24.7,32.625040335372255
3.3,9.35066101236804
5.9,18.31492364073266
12.4,16.742864088307723
33.3,32.88415788795853
6.9,23.817796639754455
29.7,33.21187348757314
25.3,18.823107034900225
31.9,22.514845497821902
0.8,10.61028656268434
2.6,12.812050641710863
30.8,23.08537780071088
40.7,18.932776148951987
8.1,28.221324797807505
-0.2,-0.3985338324482699
0.0,3.271806887288943
20.8,22.912816581548398
-0.2,-0.3985338324482699
2.6,14.4626051017085
-0.4,-0.3985338324482699
19.2,28.404767973899737
-0.4,-0.3985338324482699
8.1,28.221324797807505
-1.4,-0.3985338324482699
25.8,46.56755466072709
24.7,24.466176759168704
31.1,24.318177016137128
-0.6,-0.3985338324482699
7.4,19.140969470003732
65.8,27.17269707316214
3.7,13.250558819262757
47.2,32.45555385035136
7.3,39.96172359097221
-1.0,-0.3985338324482699
6.4,17.214810200491655
-0.2,-0.3985338324482699
34.3,17.654086977315803
28.7,36.17995988318374
25.8,51.61160944073915
3.6,14.280627282421552
12.4,18.496901460019608
107.9,39.228877410733254
0.8,5.105876365118036
4.1,9.631237954791281
0.6,6.939945842947128
29.4,35.612208144211266
57.1,25.455422546625392
6.6,18.040856029762725
8.0,15.013082042334743
-0.6,-0.3985338324482699
20.4,24.44750116635604
1.8,14.280627282421552
24.7,29.102220070142174
1.0,5.891906141330503
30.8,21.208971893574585
-0.4,-0.3985338324482699
37.1,29.322786767764406
42.2,21.676842307482808
17.1,21.61713109238417
-0.2,-0.3985338324482699
18.7,19.171679283811635
61.6,29.416267813301104
30.3,27.341234045614698
29.7,30.9415649155857
81.9,30.283407519692126
72.9,25.190365715364173
-0.2,-0.3985338324482699
42.7,23.01794689397019
8.7,18.682348825592435
14.0,72.98284050233387
39.2,34.826792116810424
0.8,10.61028656268434
66.4,28.16819669969231
4.7,14.644582920995447
11.8,18.31492364073266
58.9,30.75750297249384
-0.4,2.353671266334883
19.8,15.68105943884546
50.0,24.4296894791254
24.4,20.059105090957793
4.4,14.384331392015488
16.8,46.20012947586732
31.0,22.673986101612712
39.0,24.65365987137774
31.2,20.474782360518454
10.7,19.216304849633254
-0.4,-0.3985338324482699
-0.4,-0.3985338324482699
5.4,14.280627282421552
8.1,28.221324797807505
25.1,26.432583633416513
-0.2,-0.3985338324482699
28.3,45.61310894415471
1.8,14.280627282421552
13.2,12.237248636108124
6.7,16.38876437122058
58.1,24.72023641314913
9.7,17.81560182884407
6.0,24.700961789036278
17.5,23.81896280814665
17.1,17.765251220248285
-0.4,-0.3985338324482699
62.7,21.303047428355633
19.0,18.95165141886471
67.1,34.22604353001725
12.6,19.04803923730927
13.9,25.800306630005032
6.1,26.01956071878098
7.7,20.045071539959235
6.3,27.671652377323127
17.3,36.202335284642515
16.8,13.137220957957215
13.0,37.02838111391359
1.0,5.891906141330503
15.2,28.95571190546206
28.1,42.830495163767665
4.3,7.622054040557077
33.9,40.01463777060807
4.9,17.654086977315803
20.6,18.424550685120636
8.1,21.933081887341196
87.5,42.9649040689815
50.9,38.92840594659136
18.5,18.141123598254026
-0.2,-0.3985338324482699
43.4,29.06857986014515
16.4,18.509209619777216
24.3,18.229849979890503
0.4,5.105876365118036
2.0,21.619106957816953
69.7,38.127725954882344
13.1,16.17804468931527
14.8,19.886983193157597
0.8,10.61028656268434
26.7,26.998609326674035
0.2,4.004994325604774
25.9,21.33008639240812
41.4,24.406282528272342
5.1,22.16724217975682
5.7,9.932754713943442
6.5,10.021800674166455
19.0,17.738721316795672
10.1,26.335511513738005
49.6,20.834436402170397
2.2,9.038227010259403
54.8,26.735001032205034
-0.6,-0.3985338324482699
-0.4,-0.3985338324482699
7.7,16.9703784668501
27.7,17.282556639526334
63.6,21.741464663311753
82.1,30.424165728999917
10.5,16.707582785108052
14.6,28.71212061283198
113.8,35.426258997438914
2.8,8.40852248365782
6.7,16.38876437122058
5.5,7.417267488532532
81.4,36.84934438166578
1.8,14.280627282421552
14.4,34.196035174508935
-1.2,-0.3985338324482699
-0.8,1.8032302465782521
13.6,14.644582920995447
17.5,29.101415550000304
1.8,6.939945842947128
56.2,24.97210433942653
12.6,30.737941140134815
54.1,38.3674313486715
4.9,17.654086977315803
3.4,13.179012564505651
79.9,22.584398234317298
35.4,24.226815856564237
1.6,10.61028656268434
35.4,17.21408884778191
22.3,23.81888190192688
59.5,29.68943444758211
53.8,23.503748896595532
40.7,27.62918456212583
88.3,27.235456166013293
10.8,15.288650930979573
36.5,32.85593462655276
29.5,22.05761513536885
26.9,22.71883286531402
0.4,5.105876365118036
5.3,29.68990143851819
23.8,19.12862862248432
0.8,10.61028656268434
22.2,27.048163825134488
7.1,29.87187925780514
48.8,25.26510174627205
12.1,21.818408924514287
0.6,6.939945842947128
1.6,12.077397846589747
71.9,40.5182504885686
21.1,48.34765964572205
0.8,10.61028656268434
54.5,24.087386441272912
7.6,11.986389112075917
21.7,30.97349397572104
11.6,28.5359558632286
-0.2,-0.3985338324482699
77.1,28.314219109632354
4.7,7.062511952969972
23.5,27.6343042660949
88.2,26.54249675544449
66.2,33.01244223748735
59.7,22.876129465694312
33.6,19.554132517588464
2.6,12.812050641710863
12.6,30.737941140134815
8.9,23.18919064480911
-0.2,-0.3985338324482699
74.4,26.739316374742963
12.7,22.017710891211628
7.9,23.45083471695967
66.6,24.73638840208387
1.8,14.280627282421552
4.5,12.496321044633524
17.6,18.37405686917856
25.6,25.04177989309477
2.0,7.858081463901188
-0.4,-0.3985338324482699
79.3,35.8973554454201
5.1,22.16724217975682
21.2,19.5202424682425
14.0,21.434126583180216
25.9,27.704334664745275
10.1,26.335511513738005
12.6,27.671652377323127
17.6,18.37405686917856
41.4,24.406282528272342
38.1,31.63359796073526
24.6,15.509562774260512
9.8,39.2286079943956
40.6,29.322242758190377
28.7,36.17995988318374
6.5,10.294335767727313
18.0,25.003935990750485
85.6,26.947865195250856
66.2,29.377788958787008
12.3,31.68161589549409
39.8,33.504943708053354
69.8,35.82698005982174
62.7,28.51181833647454
4.3,33.7241977968293
42.0,23.81888093003142
3.6,15.893905472930191
49.5,25.619119426533253
-0.2,-0.3985338324482699
4.5,67.84692942610687
3.8,17.215578799763907
1.6,6.205756309890998
72.4,30.643111564882226
61.0,24.48908290071769
2.4,10.61028656268434
1.8,14.280627282421552
8.6,15.45232289828928
43.2,24.486015445976463
1.0,21.619106957816953
3.5,10.97644396533726
4.3,33.7241977968293
87.6,26.092075726042566
5.9,24.367469060238832
16.2,13.115469817818237
9.2,13.487674261754936
3.6,18.31492364073266
9.2,13.487674261754936
54.3,29.45871621022041
6.7,17.843086263053024
1.6,12.077397846589747
10.9,24.91944727853997
4.2,11.834467390623086
24.1,32.45555385035136
-0.6,-0.3985338324482699
2.0,21.619106957816953
46.2,25.41981745983592
22.2,23.574668609189366
17.0,16.773996225122996
36.3,24.06276946728368
4.6,10.059809622058097
1.8,18.31492364073266
4.4,15.74619763891135
8.5,15.81419828100896
11.7,20.61700787042244
0.8,10.61028656268434
2.8,16.114696760250645
3.4,13.179012564505651
44.0,19.26208688452364
-0.2,-0.3985338324482699
42.9,25.432540187068383
0.8,10.61028656268434
26.6,20.241082910244742
6.9,20.88364964255397
3.4,13.179012564505651
4.7,14.644582920995447
26.5,22.141150943192482
3.6,15.893905472930191
12.1,18.06050152531717
1.2,7.086849156824102
13.4,17.0670664456032
11.1,16.11293836382645
6.1,13.055178672275954
-0.6,-0.3985338324482699
0.8,10.61028656268434
5.6,16.114696760250645
0.4,5.105876365118036
17.8,15.778652420948912
11.3,29.479630618587876
36.3,23.971634682489203
47.9,27.370035293673197
0.4,5.105876365118036
1.0,21.619106957816953
11.1,28.5359558632286
8.2,22.34921999904377
-0.2,-0.3985338324482699
-0.2,-0.3985338324482699
20.3,19.73109661043499
5.5,44.73301819196191
-0.4,-0.3985338324482699
30.3,66.90259383408419
31.6,24.96752654252986
37.1,28.317502744065273
17.7,19.828059995609205
16.0,18.257188291066804
11.9,22.718451798785708
42.7,20.847106051467613
57.8,25.52470182049059
44.8,32.166537648656515
58.3,22.600476437721902
21.6,30.085607485143697
25.6,41.87041744951853
14.3,17.474883731861894
-0.4,-0.3985338324482699
31.4,27.021659806175492
13.1,24.920215877812225
37.2,28.722086240718482
47.4,29.086066950601257
1.8,18.31492364073266
8.5,15.81419828100896
10.4,16.90072653646311
6.4,18.7867610184123
26.3,17.0670664456032
48.6,36.326301871710335
57.0,29.890134947533497
9.8,14.325571296223533
10.8,11.7583727936233
1.6,12.077397846589747
5.7,15.641100986146814
57.3,43.945230019325244
36.8,22.79080257368468
6.5,16.898750671030335
18.5,18.141123598254026
4.7,14.644582920995447
2.9,7.183537135577206
30.1,22.16724217975682
9.5,18.31492364073266
0.0,3.271806887288943
22.1,18.715364932980386
20.7,23.689960497726624
3.6,15.893905472930191
11.3,29.479630618587876
15.8,20.988746295318506
1.4,8.40852248365782
1.6,6.205756309890998
24.7,29.102220070142174
-0.4,-0.3985338324482699
5.7,15.641100986146814
15.5,20.444336944860208
0.6,6.939945842947128
8.2,11.775098564207507
-0.8,-0.3985338324482699
27.1,16.663352685904734
1.6,10.61028656268434
8.1,21.933081887341196
19.4,19.646851588779246
4.7,14.644582920995447
9.9,25.391175921715316
57.4,24.809051634879744
7.5,19.100735947936542
6.0,13.012792239430592
-0.4,-0.3985338324482699
27.2,19.98668150242414
21.4,24.258574694253504
33.5,26.02106199645587
24.7,30.737941140134815
14.6,18.534982249650476
5.7,10.60932929458348
46.9,28.828775113753686
0.8,10.61028656268434
-0.6,-0.3985338324482699
31.6,34.27617601513044
6.3,13.03130473048681
4.5,12.496321044633524
3.8,17.215578799763907
15.8,23.45083471695967
3.0,21.619106957816953
79.8,32.36218316568843
-2.0,-0.3985338324482699
12.8,19.598516177935508
8.5,15.81419828100896
1.0,21.619106957816953
0.8,10.61028656268434
59.2,23.223252047207325
71.9,30.643111564882226
50.7,29.713252237038915
-1.0,-0.3985338324482699
6.3,13.789368205332083
2.8,16.114696760250645
-0.6,-0.3985338324482699
10.9,24.91944727853997
2.0,7.858081463901188
31.1,21.532549176365535
67.6,31.830249618800018
5.7,19.414268481701413
1.2,5.105876365118036
17.2,24.32714620231421
2.8,16.114696760250645
0.2,4.004994325604774
-0.2,-0.3985338324482699
22.5,26.60804660729886
5.9,24.367469060238832
4.1,9.631237954791281
12.5,17.36248211364088
60.0,30.297235899270454
3.0,29.323744035865268
12.8,41.87041744951853
23.9,36.62698255356501
0.2,4.004994325604774
44.4,28.792583789015666
34.1,24.581568317729705
0.2,4.004994325604774
6.7,17.843086263053024
10.2,17.215766179275615
27.2,19.49517792159517
-1.0,-0.3985338324482699
-0.2,-0.3985338324482699
-0.2,-0.3985338324482699
-0.2,-0.3985338324482699
-0.2,-0.3985338324482699
12.2,23.818259901819445
10.1,15.012716189081148
2.2,9.508671844768438
53.7,40.73021109629169
43.3,31.523970916347288
48.1,25.752918946649444
20.9,25.195436387690542
4.4,14.384331392015488
12.4,17.552318131149605
6.3,27.671652377323127
59.9,23.722295219566995
6.1,22.05761513536885
4.2,12.53644583219642
24.3,25.632553470099452
1.0,21.619106957816953
2.6,7.607080358892164
15.6,20.516908917638872
5.9,20.73594180853513
11.0,21.371439173357558
5.3,29.68990143851819
3.8,19.967015299274806
2.0,21.619106957816953
0.8,10.61028656268434
23.3,25.88252691329601
83.0,28.985368649096053
5.2,14.4626051017085
37.2,25.124133506066755
57.7,36.51879482277798
65.0,27.248854288709886
24.4,36.62698255356501
2.2,9.038227010259403
42.1,22.9241407755268
25.1,38.62838610140011
3.2,10.61028656268434
56.6,23.21108449653108
3.4,12.182346115109278
8.5,15.81419828100896
1.0,21.619106957816953
67.1,24.311776736609552
25.7,31.838163314880113
45.7,21.242281199292172
5.8,12.411430875721251
14.5,14.056747019580243
36.4,25.10142509782692
19.7,20.026893999474993
35.9,34.21479603725535
68.3,20.603804406637913
21.3,29.87187925780514
20.1,19.416538358648562
34.3,23.564540692731157
10.3,16.199399390940485
35.4,27.359735369688735
12.1,15.838707651100076
57.3,32.03636706734267
135.1,36.50296871993467
-0.2,-0.3985338324482699
2.8,26.01956071878098
10.3,15.484553566760786
32.6,39.38625297354241
21.0,22.352028708666232
25.2,22.49766051146525
11.8,18.31492364073266
31.2,25.219558225037716
32.0,19.001874033388937
37.1,46.67985482384417
0.8,10.61028656268434
1.8,14.280627282421552
69.6,28.222764428829898
6.9,18.7867610184123
18.8,23.085413721580494
11.8,19.414945979667174
13.8,14.549871303438417
47.8,18.357391455929957
20.1,14.304960122561694
29.3,36.34856627745245
-0.2,-0.3985338324482699
24.0,23.048870130494137
4.4,13.362491661467494
10.2,18.132945821445713
-0.2,-0.3985338324482699
40.1,39.8770394066649
19.2,25.233748411577096
-0.4,-0.3985338324482699
16.0,21.46124450966156
25.3,21.83682384804839
3.9,16.662831982190514
36.7,34.70324640472236
16.4,26.8205204806251
10.2,22.16724217975682
-0.2,-0.3985338324482699
11.4,17.213308922816758
0.4,5.105876365118036
101.3,29.872683777947003
10.4,25.391175921715316
30.5,21.45348145903882
52.4,23.242765661108386
0.8,10.61028656268434
30.7,26.020517986881842
9.5,18.31492364073266
0.4,5.105876365118036
13.7,14.384331392015488
18.2,17.87487826463626
10.0,21.34119635048575
5.1,22.16724217975682
12.6,34.8258125147452
-0.4,-0.3985338324482699
12.5,19.077529150315716
6.5,14.523557738388213
1.2,5.105876365118036
10.9,21.17752438317604
35.8,18.431059857863218
1.8,6.939945842947128
7.1,12.628535623879408
14.5,20.35948140750065
0.6,6.939945842947128
0.2,4.004994325604774
14.0,22.817713384954885
8.8,17.213308922816758
-0.2,-0.3985338324482699
11.3,33.35804039417638
21.9,29.576763254312716
13.0,20.148993118561755
10.5,19.855851056342324
54.7,26.90075000263002
14.9,25.41981745983592
47.5,58.36406211044499
37.4,24.047277343116903
35.0,28.52278427402115
-0.2,-0.3985338324482699
77.6,27.73773604366481
27.4,24.369006258783344
22.3,29.23718625441385
24.2,26.409697386277678
0.8,10.61028656268434
-0.4,2.7477870364806307
23.4,38.127725954882344
2.0,21.619106957816953
0.6,6.939945842947128
24.0,18.02954074155415
9.3,32.62485295586055
0.8,10.61028656268434
1.4,8.40852248365782
14.5,17.998972845775633
6.5,15.562718541949508
0.8,10.61028656268434
0.8,10.61028656268434
16.1,17.561988121152268
10.7,14.049582187072964
6.6,19.73109661043499
23.3,22.780765758532965
1.6,6.206758404631296
26.2,21.717030209356956
5.5,44.73301819196191
5.3,29.68990143851819
20.2,30.423469943362342
1.0,21.619106957816953
2.0,7.858081463901188
-0.2,-0.3985338324482699
13.3,13.411692604262711
10.6,12.077397846589747
20.6,20.80718125842622
37.2,35.56000204780133
5.5,44.73301819196191
1.0,21.619106957816953
0.6,4.493785951148662
29.7,28.337946769678126
119.8,38.27911693624495
4.6,18.975760304149517
12.4,17.552318131149605
71.0,29.72409892757306
13.1,16.801787285856115
2.6,7.607080358892164
59.0,24.688863501465455
4.1,22.34921999904377
39.7,27.035927507116106
4.6,10.059809622058097
38.4,32.41509734532429
8.9,19.416538358648562
6.1,32.6225830789134
6.1,22.05761513536885
51.2,24.533319961899913
21.4,29.576763254312716
11.6,14.768416813225143
48.0,38.390395745054455
10.8,35.70670778707987
3.6,8.776217084855247
17.4,24.835329596481778
-0.6,-0.3985338324482699
23.7,21.72719680366042
28.3,21.159218531198803
17.9,30.423088876834022
46.9,23.007300852431563
-0.4,-0.3985338324482699
2.0,8.093891418236712
49.3,32.88795786239168
2.2,9.508671844768438
-0.6,-0.3985338324482699
9.7,18.975760304149517
29.8,36.556543736233955
46.1,25.820284477866537
25.0,20.08639599686086
45.5,19.366520598123124
6.5,15.562718541949508
46.3,29.200221470926294
13.4,26.26441979361791
8.4,12.16367052229662
13.5,39.59710711573489
-0.2,2.7477870364806307
-0.6,-0.3985338324482699
23.2,23.471697991182808
103.2,28.565184293771765
13.6,32.93838548962542
1.2,6.939945842947128
14.9,16.403199378920903
7.5,10.747320368169309
11.5,48.585336730986064
3.6,14.280627282421552
1.8,14.280627282421552
21.7,22.652505190996123
23.8,17.78503117608991
24.1,32.45555385035136
52.7,20.915108637356134
69.9,39.45655149921354
2.8,19.416538358648562
16.6,27.421221007671022
13.4,28.77176581756413
20.9,17.714223113686735
49.1,29.243494460739477
38.5,24.122039912992413
29.5,27.98968584805744
25.1,21.506405516339964
32.7,31.27930568723768
67.0,23.523104744349595
31.5,25.54179360303911
26.1,18.23664993103965
-0.4,-0.3985338324482699
21.1,28.37940844384258
0.4,5.105876365118036
3.9,8.627776572433767
33.8,19.34917282743148
25.8,18.92685839105667
0.0,3.271806887288943
6.3,27.671652377323127
20.3,12.552879535057173
20.0,23.50316557433335
13.8,30.423857476106278
49.7,22.350448627273195
-1.4,-0.3985338324482699
31.0,30.056665786714547
-0.4,-0.3985338324482699
7.4,13.250558819262757
52.2,28.079112716098045
76.6,28.63473201207917
11.8,15.661212163689319
11.0,19.855851056342324
17.6,19.04911317378879
45.9,18.713189866579704
47.7,21.992712850694076
31.2,30.424090971574316
22.1,20.847106051467613
21.8,25.139469966588173
8.6,10.884354173654277
12.0,21.39677847195199
2.4,10.61028656268434
0.4,5.105876365118036
-0.2,-0.3985338324482699
46.8,21.67238328146643
5.9,18.31492364073266
13.7,27.945719988293057
31.4,36.712430318956564
0.2,4.004994325604774
43.6,52.60626166427893
14.0,22.817713384954885
26.1,27.05545131610389
20.8,22.912816581548398
29.9,29.9340996766917
22.7,21.732375893069637
9.5,33.946526282694265
110.1,29.339647811820534
13.3,50.78556361146808
15.6,26.020517986881842
16.7,28.221324797807505
5.1,10.829540651460288
9.6,31.30317962902683
14.3,14.112814578365107
27.9,28.9087996230491
88.9,26.02029339718362
27.0,27.83325606894553
0.8,10.61028656268434
1.4,8.40852248365782
4.5,12.496321044633524
54.0,30.21767643712022
21.6,43.08092653341976
42.5,21.815885003214923
0.6,6.939945842947128
91.7,30.803833221961526
72.8,22.374850552176916
9.2,13.487674261754936
22.1,20.847106051467613
128.7,31.603449472277752
50.7,22.74468542951159
9.7,8.879921194449182
20.9,21.251074827413746
53.3,24.918364277579904
31.2,29.904109608855208
20.1,14.92861048718987
24.8,26.845606548052054
22.5,60.14229234805855
32.1,26.519839798770427
3.5,10.97644396533726
31.1,34.27617601513044
5.0,31.89247003768658
20.0,27.853630196610077
16.1,25.653403316128056
14.6,28.71212061283198
-0.6,-0.3985338324482699
12.3,13.021733438612436
42.1,31.667478945600678
11.9,22.718451798785708
42.0,33.98796611865765
75.2,34.587584616638964
44.2,27.008128353797893
7.7,9.288613235850624
7.5,15.233068809513332
51.4,48.551541670528415
2.0,21.619106957816953
30.4,26.320537832073093
12.6,30.737941140134815
0.2,4.004994325604774
4.8,17.948766238079738
0.0,3.271806887288943
41.3,22.183246915052727
0.2,4.004994325604774
-0.2,-0.3985338324482699
12.5,15.798528496285032
39.9,27.290349622531593
1.8,18.31492364073266
38.4,17.777277348658437
31.3,24.461900570608194
1.4,8.40852248365782
9.9,25.391175921715316
22.9,18.995490910926996
0.4,5.105876365118036
24.9,15.49497210291483
53.5,28.632670380949335
35.7,31.08392554025088
7.1,25.139469966588173
1.0,21.619106957816953
73.0,36.426749044549695
2.2,9.508671844768438
33.5,26.543580569589288
19.9,36.53778287348754
18.1,47.66636066902053
68.4,29.726390007878386
7.6,14.767149031018292
18.5,12.590526675987766
10.1,15.012716189081148
-0.4,-0.3985338324482699
21.7,20.186269388050754
6.3,14.736672712678434
6.5,10.97644396533726
1.8,6.939945842947128
11.0,14.13145409159743
11.3,16.584775741506085
27.9,16.78839110695044
31.9,20.75282760647869
48.9,36.16665010481801
5.3,12.810513443166354
1.0,21.619106957816953
-0.4,-0.3985338324482699
6.5,37.02838111391359
-0.4,-0.3985338324482699
7.1,25.139469966588173
2.4,5.7179667790874085
17.8,31.74476220366774
-1.2,-0.3985338324482699
5.9,18.31492364073266
-0.4,-0.3985338324482699
1.6,12.077397846589747
23.9,34.09269691816859
-0.2,-0.3985338324482699
1.0,21.619106957816953
22.2,33.22487598494071
-0.8,-0.3985338324482699
21.4,25.195436387690542
22.8,45.833131632202914
12.3,17.686538843666995
21.1,22.523583786795868
2.8,19.416538358648562
-0.4,-0.3985338324482699
-0.2,-0.3985338324482699
20.4,27.486672002686383
34.1,28.22139761144218
2.0,21.619106957816953
4.2,8.56572879591635
3.0,21.619106957816953
12.6,13.789368205332083
32.0,34.00018690597987
1.0,21.619106957816953
33.6,19.683205856562985
17.5,27.02136337473805
11.9,16.040808786807162
5.7,15.641100986146814
3.6,14.280627282421552
0.8,10.61028656268434
27.1,26.75375025183711
8.8,45.099175594614834
10.5,12.464346999148024
-0.4,-0.3985338324482699
96.5,24.761911033897462
164.9,35.85420332898885
91.3,26.66941525948105
9.9,28.588286720602284
5.6,17.529111333528775
-0.2,-0.3985338324482699
18.7,15.195720698285108
22.9,19.63505976902187
15.9,29.68990143851819
2.8,16.114696760250645
29.2,19.20297856867589
29.4,33.652651542072185
1.0,5.891906141330503
12.2,17.04413473698204
13.4,24.259379214395366
13.4,28.77176581756413
12.9,21.250607836477656
93.0,31.655830809321756
11.6,14.318335911293927
146.8,35.104313743370064
6.8,13.179012564505651
30.1,26.24035200610144
36.7,31.85438924805571
0.6,6.939945842947128
103.0,28.931592011905792
21.3,39.71813229834213
52.4,23.657902154202823
67.6,21.00445378599224
7.5,33.17606257488943
23.6,17.540521610625674
94.0,29.47952188408359
1.0,21.619106957816953
0.8,10.61028656268434
4.3,10.884354173654277
14.4,18.094865031814848
17.1,32.13606133031666
86.8,34.14385270138026
21.5,23.267355619997822
76.2,30.227169897171905
0.8,10.61028656268434
15.3,31.158280504630447
33.7,20.126386324136575
52.1,30.042420261027566
22.5,25.33247019317551
4.6,15.328666984038177
4.0,26.755018034043964
0.8,10.61028656268434
26.7,27.532697073657523
16.0,14.035456880293898
9.6,31.30317962902683
15.4,29.68990143851819
4.9,9.809326800840218
7.3,14.572232146096475
71.6,27.934002430197985
-0.2,-0.3985338324482699
1.4,8.40852248365782
8.2,11.189350515468316
72.5,26.51505002718534
3.0,29.323744035865268
-0.4,-0.3985338324482699
0.8,10.61028656268434
1.6,10.61028656268434
41.6,42.943892727934795
3.0,9.784240733413268
7.3,39.96172359097221
-0.8,-0.3985338324482699
101.2,30.97385982897464
36.3,40.69725647684552
8.0,17.94749845587289
3.8,19.967015299274806
29.6,19.886983193157597
4.3,7.622054040557077
7.1,29.87187925780514
4.2,13.440656636656215
58.2,23.628460618365068
9.8,20.515150521214675
19.7,20.026893999474993
9.2,22.245515889449834
30.4,29.9340996766917
-0.2,-0.3985338324482699
50.8,21.667920367868227
8.5,47.30174419378322
6.5,14.523557738388213
105.9,29.15124593101404
8.7,18.682348825592435
8.5,15.81419828100896
13.1,26.998609326674035
36.7,32.62485295586055
16.8,24.73596818157813
22.1,19.310049162713423
18.0,43.63279601721661
36.1,28.621664793662013
41.5,28.221324797807505
6.5,98.66547773830014
2.2,9.038227010259403
8.4,26.899651470973787
7.1,25.139469966588173
55.3,25.842210699928856
63.7,24.520878789882744
5.4,15.288650930979573
21.7,30.97349397572104
35.4,17.778849991940394
76.0,27.90119619499682
2.6,12.812050641710863
69.1,28.374627736738034
19.2,25.233748411577096
-0.2,-0.3985338324482699
6.9,18.7867610184123
67.6,29.652625169029193
34.4,41.114859945353366
1.4,8.40852248365782
-0.6,-0.3985338324482699
0.6,6.939945842947128
57.2,27.031163302603183
4.9,17.654086977315803
29.4,31.93699383098282
0.4,5.105876365118036
14.0,13.428421607954729
5.0,12.151213978294006
18.4,16.029252069256174
10.0,19.659468814615224
1.8,14.280627282421552
56.1,34.27606728062615
-0.6,-0.3985338324482699
15.2,26.68039738219784
45.7,28.85014826176144
10.8,22.499197710009753
3.3,9.35066101236804
7.9,20.988746295318506
15.2,17.21457234130962
14.6,31.523970916347288
14.5,24.478633303171314
11.7,23.818259901819445
23.1,25.46950399866048
12.1,23.37928846220256
4.2,11.834467390623086
35.3,28.222764428829898
17.9,22.245515889449834
32.8,26.229022317802865
0.6,6.939945842947128
1.0,5.891906141330503
1.0,21.619106957816953
33.8,19.7001466762327
9.7,20.39431918433477
16.2,18.120637661688104
-0.6,-0.3985338324482699
49.9,22.905929575385308
-0.4,-0.3985338324482699
16.1,12.810820882875255
-0.6,-0.3985338324482699
17.4,28.222764428829898
35.2,23.982306291099995
7.6,11.986389112075917
7.2,14.280627282421552
1.6,10.61028656268434
-0.6,-0.3985338324482699
1.2,6.939945842947128
8.2,16.414898808054886
55.0,32.093257433941204
1.0,21.619106957816953
17.2,29.762252213417163
45.6,25.40021663221019
0.6,6.939945842947128
5.6,19.416538358648562
18.4,20.321340260534182
78.7,37.47982528270327
0.8,10.61028656268434
1.0,21.619106957816953
35.2,28.32510172103612
7.0,13.729489505131893
4.2,12.53644583219642
3.8,9.949449899267483
3.2,11.238671359750004
50.3,29.20870992055133
31.0,40.695719278301006
27.2,19.036910832849106
4.1,9.631237954791281
31.0,22.089185939072394
22.6,16.228005980086934
1.0,21.619106957816953
5.9,20.73594180853513
32.6,20.054906416798524
16.5,29.932831894484856
49.6,24.473241267178217
3.1,8.132149074871123
2.6,12.812050641710863
11.6,37.466889291465485
3.0,9.386105734745595
-0.2,-0.3985338324482699
5.0,12.151213978294006
0.8,10.61028656268434
49.6,24.98082725641506
15.7,17.458167997653685
3.9,16.662831982190514
0.6,4.493785951148662
20.4,30.24037837914443
4.9,17.654086977315803
51.1,19.372301138755613
0.8,10.61028656268434
59.5,27.432120121666408
9.0,67.84692942610687
5.5,44.73301819196191
26.8,44.07218152854505
-1.2,-0.3985338324482699
5.1,22.16724217975682
28.7,20.558365573615323
8.8,13.839849227922508
5.7,15.641100986146814
50.8,48.42328110299158
22.5,70.9287842573262
44.9,26.53349406832087
28.3,16.69707897902025
50.8,25.163879012181532
50.4,20.424562007206582
-0.2,-0.3985338324482699
42.1,24.41958145707735
31.1,18.1087426017466
13.8,14.549871303438417
-0.4,-0.3985338324482699
27.0,36.843400739276845
43.3,19.69064189048811
125.5,36.11611697618779
7.5,15.233068809513332
13.8,19.75431893875198
31.9,23.142173019710384
0.6,6.939945842947128
44.9,29.27743370043887
0.8,10.61028656268434
9.2,22.245515889449834
16.5,20.517072019395307
1.8,18.31492364073266
4.7,8.958194904142196
10.3,16.199399390940485
25.9,23.598542550978507
72.3,32.981920775086614
20.3,26.86723988920619
-0.2,-0.3985338324482699
11.3,10.992017313145254
10.1,26.335511513738005
22.6,19.608180991039454
18.9,19.539104468671407
22.6,18.31492364073266
16.0,31.89247003768658
8.9,19.416538358648562
38.5,33.06489833195695
54.5,21.11207275331779
32.0,22.025165530230005
33.0,20.4811460647024
20.1,19.416538358648562
1.2,6.939945842947128
4.2,11.834467390623086
48.6,32.286205395778026
21.2,21.746439870617642
64.9,23.588288742950375
59.5,22.38212056865924
-0.2,-0.3985338324482699
11.9,14.401652465028787
5.3,12.077397846589747
2.8,19.416538358648562
2.0,5.891906141330503
7.1,10.16870398804343
18.1,15.912417963986407
-1.0,-0.3985338324482699
16.4,17.825593182513458
37.6,27.820705031817887
0.8,10.61028656268434
2.6,6.076854323968731
43.1,31.667478945600678
11.5,20.016307343376514
6.5,14.523557738388213
92.8,33.955663112683624
12.5,19.077529150315716
14.0,46.27394560757157
8.5,67.84692942610687
11.3,33.35804039417638
22.1,16.1135836697937
15.1,26.020517986881842
5.4,10.440938108111007
11.4,27.59162027120591
1.0,21.619106957816953
14.0,12.352966735234578
16.9,17.434832888539855
22.3,51.493319677987536
40.8,20.458920336805537
12.4,16.040808786807162
36.2,37.302448724883526
16.8,19.28701437261886
4.1,22.34921999904377
-0.6,-0.3985338324482699
44.9,21.786484723856223
13.3,13.411692604262711
-0.4,-0.3985338324482699
33.9,21.85304978122399
1.0,21.619106957816953
31.9,25.520238906892388
-0.2,-0.3985338324482699
1.0,21.619106957816953
27.5,17.74916783994496
4.8,20.297433630983235
14.4,25.800306630005032
13.9,24.01911443904673
9.6,31.30317962902683
2.0,8.093891418236712
3.2,11.238671359750004
1.8,14.280627282421552
13.5,20.262502332919546
8.6,33.7241977968293
43.7,23.94870717887131
64.5,31.11418034328961
3.0,21.619106957816953
19.9,17.980110190872708
27.8,33.09581299976364
38.7,22.09949574072214
7.3,10.091228490987383
-0.2,-0.3985338324482699
30.1,16.229399336442267
8.7,17.434832888539855
55.7,20.29620387214763
23.6,21.618523635554773
3.2,11.238671359750004
19.1,19.306178635857947
1.0,21.619106957816953
14.7,24.819116932789996
19.2,30.423469943362342
40.8,20.92177654814117
12.6,17.21470146598736
11.4,16.367344948545774
0.4,5.105876365118036
4.3,33.7241977968293
13.8,54.63788215049224
22.6,18.715364932980386
56.3,21.242452076212256
3.9,16.662831982190514
19.1,43.945230019325244
24.4,30.10955634306915
14.6,35.140370766531625
6.4,15.992597641163888
14.8,22.16724217975682
74.5,25.230263810727216
0.8,10.61028656268434
1.8,14.280627282421552
24.5,26.02112542818857
-0.4,-0.3985338324482699
33.8,26.594936506033186
24.4,23.818259901819445
13.4,28.77176581756413
13.8,44.95227228073785
41.5,31.571442580319726
4.6,9.76260739225913
6.3,49.13347195292594
6.9,18.7867610184123
0.4,5.105876365118036
9.6,11.010727854932068
-0.4,-0.3985338324482699
10.8,12.010989583473528
0.8,10.61028656268434
-0.4,2.353671266334883
10.8,15.288650930979573
24.1,20.045071539959235
0.8,10.61028656268434
2.8,16.114696760250645
1.0,21.619106957816953
93.9,31.259328811271637
58.0,48.265208782649395
0.0,3.271806887288943
17.1,31.08392554025088
4.9,17.654086977315803
6.7,19.78203492463807
-0.6,-0.3985338324482699
2.2,9.038227010259403
47.7,27.46150405714421
0.6,6.939945842947128
64.4,25.446850275094228
8.1,21.933081887341196
0.2,4.004994325604774
24.2,31.43852622535281
20.6,21.6178391756101
107.9,30.680423755240838
6.6,18.040856029762725
1.6,6.205756309890998
38.1,19.416204221261317
25.9,24.343719542360873
-0.2,-0.3985338324482699
8.1,24.552449434875577
16.9,14.912817072108366
2.0,37.02838111391359
4.8,23.819333838298967
3.0,21.619106957816953
34.8,37.57843783403409
7.3,26.46114329342189
5.3,29.68990143851819
91.0,29.48498171552336
2.6,12.812050641710863
-0.2,-0.3985338324482699
13.3,50.78556361146808
0.6,6.939945842947128
5.3,13.75309063876485
-0.4,-0.3985338324482699
24.6,23.158497174882108
65.2,28.166511275613516
0.6,6.939945842947128
5.2,13.546437749365424
34.1,20.15010686349271
18.1,21.6168370808698
0.4,5.105876365118036
9.1,15.195720698285108
8.3,15.212836917299619
11.3,12.92727473480144
64.1,25.177307878849007
4.6,10.059809622058097
18.8,22.03020837427185
15.3,24.920948556214867
5.3,29.68990143851819
11.3,12.591259354390406
9.2,22.245515889449834
70.9,31.79076640833327
45.5,22.254436857168955
68.3,38.275433788901175
18.7,29.022766922573155
10.8,18.01424295887799
33.1,31.034446612400757
32.8,21.774776071530976
21.2,19.5202424682425
23.4,41.67369394971455
-1.4,-0.3985338324482699
79.7,32.420088896511075
-0.2,-0.3985338324482699
1.0,21.619106957816953
11.2,22.106289543077107
3.8,17.215578799763907
29.7,21.128508717390897
20.0,17.405182293700044
29.1,23.628460618365068
5.3,29.68990143851819
26.1,34.82704114297463
4.0,26.755018034043964
37.7,25.124133506066755
3.2,11.238671359750004
-0.2,-0.3985338324482699
82.9,31.924412208595015
26.6,52.71172288098016
3.8,17.215578799763907
12.0,21.39677847195199
5.0,11.612089218641406
30.5,15.38919632581506
14.1,15.940932479930902
0.6,6.939945842947128
12.0,14.106263494669452
34.6,31.889661328064122
-0.2,-0.3985338324482699
70.9,29.112158187165598
47.6,24.636938147086077
-0.4,-0.3985338324482699
56.7,18.74674496535369
3.6,14.280627282421552
34.6,24.581568317729705
11.4,11.930422690973549
5.1,22.16724217975682
-0.4,-0.3985338324482699
29.3,26.57077033780987
42.2,18.667362846339167
-1.8,-0.3985338324482699
8.3,29.542998124641215
10.7,18.132945821445713
32.9,20.90738571260627
21.9,25.286373280465142
15.6,42.53044959279352
0.8,10.61028656268434
-0.2,-0.3985338324482699
0.2,4.004994325604774
1.8,14.280627282421552
15.4,18.31492364073266
9.6,31.30317962902683
11.5,27.39758476635319
26.4,32.310000692559754
5.9,18.31492364073266
-0.2,-0.3985338324482699
38.6,26.459913534586285
1.8,14.280627282421552
39.1,27.30315325598383
10.6,34.38503446024616
21.0,21.502381428340755
-0.2,-0.3985338324482699
51.1,39.22824214114201
13.8,22.21635202124554
6.1,32.6225830789134
17.3,26.420002011028707
4.1,22.34921999904377
62.2,25.68519515900057
3.2,10.61028656268434
60.7,29.775188204654945
-0.4,-0.3985338324482699
27.6,38.49549239781899
50.7,24.050833468284566
4.6,10.059809622058097
45.4,24.076967746408144
-0.6,-0.3985338324482699
2.8,16.114696760250645
6.4,17.214810200491655
1.0,21.619106957816953
36.1,19.674021621300383
11.7,14.494835452758563
4.6,16.84781235682725
-0.4,-0.3985338324482699
45.9,27.561292654532508
3.4,12.182346115109278
-0.4,-0.3985338324482699
70.5,32.56270437871321
21.9,26.46114329342189
19.6,16.38876437122058
66.7,33.63189521727316
16.5,52.437655270010225
17.9,24.605363614511433
62.0,24.503972601765746
42.7,31.092551048428014
3.0,21.619106957816953
54.7,23.01885271050528
7.0,14.413495260219777
-0.8,-0.3985338324482699
90.5,30.552992957496585
-0.2,-0.3985338324482699
-0.2,-0.3985338324482699
5.2,12.812050641710863
47.0,22.237971279731134
5.9,18.31492364073266
4.6,18.975760304149517
27.3,27.444684110856414
20.6,17.03133110352981
26.3,21.826592691406056
-0.2,2.7477870364806307
4.9,17.654086977315803
-0.2,-0.3985338324482699
0.8,10.61028656268434
12.4,17.552318131149605
-0.2,-0.3985338324482699
8.2,17.434832888539855
49.7,18.163611463088188
8.7,10.261217074629243
0.2,4.004994325604774
24.4,21.963911285214124
6.1,11.810730348675328
1.8,14.280627282421552
34.6,21.459486113237368
6.3,49.13347195292594
20.1,34.165780371470206
57.5,27.17915802744676
5.7,17.213308922816758
3.7,13.250558819262757
1.4,8.40852248365782
37.7,27.48817328036128
45.3,24.888862543117263
0.6,4.493785951148662
26.0,16.773996225122996
62.3,29.872953194284655
1.2,7.086849156824102
34.4,26.690972871314145
-0.2,-0.3985338324482699
52.3,20.947679115876902
33.1,18.912392798096178
33.6,29.727610067390565
17.9,21.176719863034172
28.2,29.127893347413128
18.4,26.02030277908561
-0.2,-0.3985338324482699
11.2,22.106289543077107
1.8,14.280627282421552
1.4,8.958194904142196
6.4,15.992597641163888
120.6,35.848018098546795
6.9,18.7867610184123
76.6,26.668142776507644
21.0,23.301388539637507
62.9,24.392598645357197
9.7,18.975760304149517
83.6,34.45980349633729
24.8,18.823107034900225
9.9,21.128508717390897
84.0,26.50026874322014
20.7,20.11132025184827
7.7,22.34921999904377
2.2,9.038227010259403
7.1,29.87187925780514
22.3,16.455994628965747
6.0,13.012792239430592
9.9,19.636596967566376
20.7,23.689960497726624
15.2,21.95565890969094
11.1,28.5359558632286
7.3,39.96172359097221
7.1,12.628535623879408
26.0,26.631184141814266
18.2,17.02388374391178
-0.2,-0.3985338324482699
12.9,24.259379214395366
1.0,5.891906141330503
22.3,35.02697756607848
1.6,10.61028656268434
-0.2,-0.3985338324482699
27.5,34.486803306412355
16.7,20.930094934030844
16.4,26.8205204806251
22.1,20.217446668926904
91.8,32.0400657453826
5.5,44.73301819196191
2.4,11.490377314877147
25.4,20.700130895851412
114.7,37.29087114102692
51.3,22.7948117658306
0.2,4.004994325604774
48.6,20.726370516660758
6.7,17.843086263053024
0.8,10.61028656268434
0.2,4.004994325604774
-0.2,-0.3985338324482699
3.8,17.215578799763907
10.5,18.61560432258733
3.6,14.280627282421552
14.8,19.886983193157597
2.2,9.038227010259403
18.3,24.495752596582918
-0.2,-0.3985338324482699
-0.4,-0.3985338324482699
45.8,25.606397671196248
15.6,30.424090971574316
12.6,17.21470146598736
-0.2,-0.3985338324482699
-0.2,-0.3985338324482699
48.8,26.571018233367894
8.8,45.099175594614834
75.6,29.75787020603874
15.4,15.713776833952489
10.3,16.199399390940485
42.7,23.94870717887131
28.0,22.09576534681586
4.8,11.010727854932068
6.4,15.992597641163888
21.1,22.523583786795868
5.3,12.077397846589747
6.8,12.182346115109278
22.2,22.652505190996123
19.6,31.624870997454188
39.7,28.129199085254903
14.1,11.750884177526217
0.6,6.939945842947128
12.6,13.389541633791442
6.9,11.62591129071484
7.9,19.140969470003732
-0.4,-0.3985338324482699
20.7,18.7867610184123
24.3,21.849244471181393
-0.2,-0.3985338324482699
45.5,25.219583950820606
27.9,27.06449121341403
1.0,21.619106957816953
15.5,28.220861535742515
-0.6,-0.3985338324482699
58.9,26.923936727498848
2.8,26.01956071878098
-0.6,-0.3985338324482699
35.9,33.91848377587386
14.4,30.697925087076214
15.5,78.1202925059765
21.5,20.574247987501685
50.8,38.02768557435419
44.5,26.60804660729886
39.9,30.04094907284955
4.6,10.059809622058097
-0.2,-0.3985338324482699
11.4,31.15547179500799
36.7,20.25687955843405
64.9,23.214838355007892
44.0,41.430399584285205
29.0,34.66853338885199
43.4,23.685081409915227
18.6,22.644635667081445
16.3,17.32520584415188
62.1,23.773308767327826
3.6,15.893905472930191
1.6,10.61028656268434
15.6,19.56278083586212
0.4,5.105876365118036
20.7,29.68990143851819
13.2,25.53023026056178
-0.2,-0.3985338324482699
-0.6,-0.3985338324482699
2.0,5.838991961694642
2.2,9.038227010259403
2.4,11.490377314877147
23.9,18.18275630804929
37.7,20.709912218623295
8.9,19.416538358648562
2.0,7.858081463901188
-0.6,-0.3985338324482699
25.0,45.58977383504088
5.9,24.367469060238832
28.4,17.279936916153922
0.8,10.61028656268434
49.5,33.857594888348274
56.7,27.780619556943137
23.7,19.703556519656985
28.5,24.478633303171314
3.4,13.179012564505651
51.3,24.57223359572047
81.4,28.394325814464437
7.5,17.488877811461588
25.1,29.32176817043249
13.6,18.31492364073266
4.1,22.34921999904377
14.7,27.243741546719725
35.6,51.23625421591838
14.9,25.41981745983592
11.3,29.479630618587876
10.5,17.581808044156055
7.3,26.46114329342189
-0.2,-0.3985338324482699
4.5,12.496321044633524
21.2,20.186269388050754
-0.4,-0.3985338324482699
35.3,42.05919553737606
23.7,23.45083471695967
3.6,14.280627282421552
3.0,52.437655270010225
16.7,16.114218126200214
6.0,29.323744035865268
30.2,32.48705055110332
39.1,26.951514682937365
48.1,24.13242770517556
-0.4,-0.3985338324482699
3.8,24.552449434875577
53.9,22.41815218345935
-0.4,-0.3985338324482699
49.6,64.17658870636966
22.7,30.253553042748976
6.9,23.817796639754455
43.0,37.72218340504808
12.2,17.077776395006687
17.8,20.19307969299734
16.0,39.230366390819796
44.9,27.765535196983016
9.5,18.31492364073266
79.6,23.556904664284524
4.0,21.619106957816953
5.5,44.73301819196191
7.5,42.1642921901406
0.8,10.61028656268434
1.0,5.838991961694642
47.0,20.016307343376514
3.8,10.36542748784741
59.1,29.039367773482894
-0.4,-0.3985338324482699
17.3,26.420002011028707
-0.2,-0.3985338324482699
10.3,16.199399390940485
1.0,21.619106957816953
53.3,26.447471549384375
72.9,24.552449434875577
25.1,18.569345756148152
40.7,26.836103864809097
-0.4,-0.3985338324482699
5.3,12.077397846589747
4.8,23.819333838298967
6.7,17.843086263053024
1.8,14.280627282421552
24.1,32.45555385035136
6.0,29.323744035865268
49.1,23.993169642936486
135.4,35.17010841638539
1.0,5.838991961694642
12.3,20.81564900045636
-0.6,2.047626059350196
56.7,22.57420898862803
3.3,9.35066101236804
4.9,17.654086977315803
6.3,27.671652377323127
60.9,38.55144717580702
10.4,25.391175921715316
21.4,18.650413616662917
1.0,21.619106957816953
41.7,25.944888437027224
4.5,8.238057209756438
5.8,18.47278608888805
17.4,20.241082910244742
61.9,23.3138009114747
-0.2,-0.3985338324482699
-0.2,-0.3985338324482699
20.7,37.51556369917374
26.3,23.47030011240276
5.7,15.641100986146814
43.6,24.438677924869758
3.1,8.132149074871123
8.7,9.708905353783747
-0.2,-0.3985338324482699
5.0,31.89247003768658
8.9,12.958953955587837
3.4,12.182346115109278
58.5,33.6865763816816
1.0,21.619106957816953
53.0,36.935450881219126
-0.2,-0.3985338324482699
59.3,25.90993367439301
22.9,17.56638534180542
-0.4,-0.3985338324482699
21.1,22.523583786795868
16.0,22.633989625542817
7.1,29.87187925780514
7.7,16.9703784668501
25.2,32.625040335372255
16.9,17.434832888539855
13.6,26.998609326674035
37.1,52.63695723670756
4.1,22.34921999904377
38.4,17.819296143170018
67.9,29.10218414927256
6.8,13.179012564505651
-0.6,-0.3985338324482699
41.9,26.172216249242624
75.5,40.43576386333705
21.6,43.08092653341976
70.7,26.335511513738005
26.9,22.71883286531402
1.6,12.077397846589747
10.2,12.481632310002434
31.8,16.907691057027442
1.0,21.619106957816953
1.8,18.31492364073266
-0.2,-0.3985338324482699
1.6,12.077397846589747
0.8,10.61028656268434
5.7,15.641100986146814
1.4,8.40852248365782
25.1,40.32949003390886
15.0,16.23552809713055
46.2,29.99913092733349
2.9,7.183537135577206
12.3,31.68161589549409
13.5,24.795379890842234
6.5,16.898750671030335
-0.2,-0.3985338324482699
1.6,10.61028656268434
2.0,37.02838111391359
3.8,19.967015299274806
4.8,20.297433630983235
-0.2,-0.3985338324482699
4.0,10.61028656268434
13.6,32.93838548962542
17.4,18.025795947557878
42.1,33.3588496150848
2.8,19.416538358648562
14.1,20.33317270192773
26.4,36.6598819925743
53.7,21.569524313650533
10.3,12.44482303144952
1.8,14.280627282421552
7.1,29.87187925780514
-0.2,-0.3985338324482699
32.5,28.11703266518483
27.2,32.93838548962542
28.7,23.818855204248536
15.4,20.045071539959235
11.9,29.793605548112126
11.5,13.66680209530924
29.5,22.76606877260607
42.1,24.988594512041068
12.9,26.26441979361791
4.2,11.834467390623086
7.3,39.96172359097221
13.5,24.795379890842234
6.4,15.992597641163888
8.1,28.221324797807505
65.3,20.53433969705192
40.3,23.74777076352879
9.7,17.81560182884407
8.5,12.496321044633524
23.9,30.10955634306915
17.5,13.955861179852608
25.4,25.760814037636294
42.9,20.90352085841281
30.8,31.66100472183225
7.5,17.488877811461588
28.6,50.96927620389797
43.0,24.478633303171314
27.6,25.673430036921545
4.1,22.34921999904377
7.3,13.812133896510439
7.6,14.767149031018292
102.0,27.55562991288486
3.8,9.608483906727274
0.8,10.61028656268434
70.3,30.588298042688237
-0.2,-0.3985338324482699
4.9,17.654086977315803
16.9,20.148921276822527
41.4,27.883606677541316
72.9,27.87923891154216
9.4,26.01956071878098
7.4,17.704567999906224
11.9,24.552449434875577
43.5,20.574247987501685
0.2,4.004994325604774
6.3,13.03130473048681
11.2,22.106289543077107
34.2,23.976978817445776
3.8,24.552449434875577
1.4,8.40852248365782
15.8,22.125806231375257
-0.2,-0.3985338324482699
49.1,37.02742384581273
20.5,48.035225643613416
2.8,8.958194904142196
4.6,15.328666984038177
24.3,28.221324797807505
0.4,5.105876365118036
23.3,23.69723471921221
29.1,28.869122884276464
10.5,18.61560432258733
20.3,24.111671380376528
95.3,31.43852622535281
14.0,24.478633303171314
1.4,8.958194904142196
9.8,39.2286079943956
40.9,28.13362316229712
10.1,15.012716189081148
-0.2,-0.3985338324482699
52.7,30.423088876834022
54.3,25.788025326636493
1.8,14.280627282421552
1.0,21.619106957816953
19.3,15.502917673571996
24.6,44.121394768928624
6.2,13.613492766476517
2.2,9.038227010259403
-0.2,-0.3985338324482699
56.0,26.773894117141417
0.8,5.105876365118036
-0.6,-0.3985338324482699
22.1,22.473053891273466
18.6,20.709912218623295
20.6,19.416538358648562
9.0,11.380750270489173
16.1,15.822666023039098
6.9,18.7867610184123
-0.2,-0.3985338324482699
22.3,31.15547179500799
22.1,22.473053891273466
26.1,19.162602811157868
38.6,32.40406166854009
45.7,17.603144299398735
48.5,27.258629462687587
3.1,8.132149074871123
4.1,9.631237954791281
20.9,42.25488070414869
24.5,28.662102852306546
9.6,19.01700288293592
52.0,32.54591938139957
8.7,17.434832888539855
6.3,13.03130473048681
48.3,25.26510174627205
9.7,20.39431918433477
